User_Name,Stars_Rating,Review_Title,Review_Date,Review_Content
Sandra Ohan,4.0 out of 5 stars,Angenehmes Material,Reviewed in Germany on 6 February 2023,H√§lt was es verspricht.. Gerne wieder
Emnesty,4.0 out of 5 stars,Wie ein Word Champion!,Reviewed in Germany on 28 January 2023,"Puh war das gut! Sagte sie!Ballern wie ein Weltmeister , mit Performa.Ob quicky oder love nicht mehr ohne mein performa."
Super byer,5.0 out of 5 stars,TOP,Reviewed in Germany on 23 January 2023,Kann ich w√§rmstens empfehlen.Ich bin mit der Qualit√§t und diesem doch etwas anderem Kondom von Durex sehr zufrieden.Es h√§lt was es verspricht.
User not found,5.0 out of 5 stars,Really amazing,Reviewed in Germany on 28 December 2022,"I bought this to use for the first time I wanted to sleep with my girlfriend because i was a little bit afraid that i can not hold it enough. because i really like her, i though i'd be too excited.So i used this candom and didn't mention that it has benzocain.I lasted about 3 hours (50 minutes of penetration). It works, it's perfect."
Robin,5.0 out of 5 stars,Sehr empfehlenswert,Reviewed in Germany on 23 January 2023,halten was sie versprechen
Luke,5.0 out of 5 stars,TOP,Reviewed in Germany on 21 January 2023,halten was sie versprechen am besten f√ºr mehr als 2 gedacht
Ben R√∂diger,4.0 out of 5 stars,Sporadischer Erfolg,Reviewed in Germany on 23 October 2022,"Ich habe die lange im Wechsel benutzt und muss sagen, dass sie nicht immer ihren Job getan haben. Sehr sporadisch. Aber wenn es funktioniert hat, wurden aus 5 Minuten 60 oder mehr.Habe aber auch selten diese Einwirkzeit beachtet."
Isabella Efpunkt,5.0 out of 5 stars,"Sie halten, was sie versprechen",Reviewed in Germany on 21 December 2019,"Durch die Medien sind wir auf diese Kondome gesto√üen und wollten uns mal ein eigenes Bild machen.Lieferung / Lieferumfang:Dank Amazon-Prime kamen die Kondome von Durex sicher verpackt und schon am n√§chsten Werktag bei uns an.Lieferumgang:14 Durex Performa KondomeVerarbeitung und Qualit√§t:Die Kondome von Durex versprechen l√§ngeren Spa√ü durch den 5%igen Anteil an benzocain. Was passiert also? Im inneren des Kondoms ist eine benzocain haltige Creme, die beim √ºberziehen des Kondomes in der Spitze verbleibt. Durch die K√∂rperw√§rme verfl√ºssigt sich die Creme und verteilt sich quasi ""von alleine"" innerhalb des Kondoms. Dadurch tritt sehr schnell eine abgeschw√§chte Bet√§ubung des Glieds auf. Durch diese Bet√§ubung soll Mann l√§nger k√∂nnen. Und was soll ich sagen: Es funktioniert. Es funktioniert so gut, dass stellenweise das Kondom abgenommen werden musste, weil fast nichts mehr zu sp√ºren war.Was ist nicht so toll?Das Gel welches sich in der Spitze des Kondoms befindet kann sehr schnell aus dem Kondom fallen, was dieses teurere Kondom dann zu einem normalen Kondom macht und somit keinerlei Wirkung mehr hat. Hier sollte man also aufpassen.Empfehlung:Die Kondome machen ihrem Namen alle Ehre. Es h√§lt was es verspricht und ist meiner Meinung nach den Aufpreis wert. Wer also Probleme mit der Dauer des Aktes hat, findet hier schnelle und einfache Abhilfe.Absolute Kaufempfehlung!Ich versuche mir mit meinen Bewertungen immer besonders viel M√ºhe zu geben und hoffe euch einen √ºbersichtlichen Eindruck vermittelt zu haben.Vielen Dank :-)"
Qadir,4.0 out of 5 stars,Super,Reviewed in Germany on 5 November 2022,it is absolutely fine for a long love night
Andreas,5.0 out of 5 stars,Sehr zufrieden,Reviewed in Germany on 23 November 2022,Klar kann man die einfach im dm holen aber die eher es kompliziert machen wollen ist es auch eine m√∂glichkeit die haben perfekt geh passt und keiner der nicht Funktioniert hatt also die es eher unauff√§llig machen wollen ist das ein m√∂glichkeit.
Max Muster,3.0 out of 5 stars,Kleber artige partikel,Reviewed in Germany on 18 January 2023,Es sind in jedem Kondom St√ºcke die eine Kkebstoffstift artige Konsistenz haben. 2 von den Kondomen Sind gerissen und die Passform is weniger gut
Ren√© Heppelter,5.0 out of 5 stars,Sitzt super ü§£,Reviewed in Germany on 7 December 2022,L√§uft damit
Bernd,3.0 out of 5 stars,Sitzt und passt,Reviewed in Germany on 16 January 2023,"leider kam Lieferung nicht am n√§chsten Tag,Passform ist gut und h√§lt,reisst nicht.Jedoch keine merkliche Aktverl√§ngerrung wie beworben."
Scholz M.,5.0 out of 5 stars,Sehr sehr sehr gut üòÅ,Reviewed in Germany on 8 April 2022,"Hatte mir ja die anderen Bewertungen durchgelesen, weil ich das noch gar nicht kannte.Habe mir die bestellt und gestern angekommen. Am Abend mit meiner Frau gleich mal getetest. Habe ihr erstmal nix gesagt.Ich muss wirklich sagen, was sehr positiv √ºberrascht. Die Beschreibung trifft voll und ganz zu.Lieferung war super schnell. Nur eins w√§re anzumerken an den auslieferer, nicht mit allermacht Versuchen es in den Briefkasten zu rammeln.. ü§¶‚Äç‚ôÇÔ∏èü§¶‚Äç‚ôÇÔ∏èSonst leicht √ºber zuziehen, habe das gel etwas einmassiert, dauert trotzdem ca 3-5 Minuten eh der Effekt einsetzt.Danach kann es scharf gehen üòÇ im warsten Sinne. Man kann mit den dingern definitiv l√§nger man merkt aber trotzdem noch was.Es bleibt auch alles hart, kein erschlaffen.Wer Probleme hat, sollte die auf jedenfall mal testenNur vorsichtig auspacken, damit das gel nicht raus f√§llt.Die Frauen haben dann auf jeden Fall afu mehr davon. üòÅüëç"
Oliver,3.0 out of 5 stars,Sind OK,Reviewed in Germany on 8 December 2022,Man(n) versp√ºrt einen Unterschied. Ob es jetzt wirklich mehr raus holt wag ich zu bezweifeln dabei spielt die Einwirkzeit mMn. keine wirkliche Rolle.
Allen,4.0 out of 5 stars,best quality,Reviewed in Germany on 3 May 2022,I am always satisfied with the quality of Durex condoms. Especially Performa condoms help me to last longer in bed. I never had any experience that these condoms break during my use. the only drawback is that they could be thicker to make the time in bed even longer.
J.M,3.0 out of 5 stars,OK...,Reviewed in Germany on 20 October 2022,"H√§lt, was es verspricht... zumindest in Sache Verz√∂gerung.Leider aber nicht in puncto Schutz.Bisher habe ich 5 Kondome benutzt, davon sind zwei gerissen!"
Canis W.,5.0 out of 5 stars,Keinerlei Beanstandungen,Reviewed in Germany on 13 November 2020,"Bin vollends mit diesen Kondome zufrieden, und werde auch in Zukunft dazu greifen.Lieferung:Standardgem√§√ü wird es in einer neutralen Amazon-Verpackung geliefert. Wer also bedenken hat bzgl. dessen muss vor nichts Angst haben. Meine kamen, dank Prime-Mitgliedschaft und Abo, immer p√ºnktlich und es gab keine Probleme.Geliefert werden 14 Kondome pro Packung.Funktion und Qualit√§t:Nun zu dem Teil, weswegen hier wohl die meisten sind: Ob es wirklich funktioniert. Mit Hilfe von 5% benzocainhaltigem Gel soll der Akt verl√§ngert werden, sei es aus medizinischen Gr√ºnden oder einfach so. Vorne im Zipfel des Kondoms befindet sich das noch leicht feste Gel, welches bei K√∂rpertemperatur fl√ºssiger wird und sich so selbst im Kondom und auf dem Penis verteilt. Das anziehen funktioniert ohne Problem, nur sollte man darauf achten, es sachgem√§√ü anzuziehen, da das Gel bei wenig Vorsicht herausfallen kann, was dann dazu f√ºhrt, dass man keinen Effekt mehr hat (verst√§ndlich).Und, funktioniert es? Ja, das tut es! Der Liebesakt wird deutlich verl√§ngert, bei mir ist es im Durchschnitt eine zeitliche Zunahme von etwa 20-30%, je nach Stellung, Intensivit√§t und der eigenen Libido im Moment.Wer also auf der Suche nach einer kurzzeitigen L√∂sung von fr√ºhzeitigem Samenerguss ist, der hat hier seine Antwort gefunden, bis man evlt. vom Urologen weitergeholfen werden kann (wenn man dies m√∂chte)."
junisi,3.0 out of 5 stars,Ausdauer Effekt nicht gegeben,Reviewed in Germany on 29 June 2022,"Ich habe mir diese Kondome gekauft da ich auch unter die zu-fr√ºh-Kommer falle. An manchen Tagen hatte ich das Gef√ºhl ich kann wirklich l√§nger, an anderen Tagen wiederum habe ich keinen Unterschied zu normalen Kondomen gemerkt, das ist sehr schade. Im Schnitt w√ºrde ich sagen 2 von 10 Kondomen hatten bei mir diese Wirkung, ich habe mir wirklich mehr erwartet."
Vien,5.0 out of 5 stars,Wahnsinn!,Reviewed in Germany on 11 July 2022,Ich hatte mir hier ein paar extra Minuten erhofft durch die positiven Kommentare. Das eigentliche Ergebnis hat mich dann aber echt von den Socken gehauen und auch meinen Lover √ºberrascht. Eine absolute Bereicherung f√ºr unser Liebesleben und jeden Cent wert.
Yassin Reshahi,5.0 out of 5 stars,Vielen Dank,Reviewed in Germany on 24 September 2022,Ich bin zufrieden empfelle weiter
Sascha Behrendt,3.0 out of 5 stars,Naja kaum Wirkung ü§∑‚Äç‚ôÇÔ∏è,Reviewed in Germany on 10 August 2022,Lieferung ging schnell. Zu Produkt sind halt Kondome ü§∑‚Äç‚ôÇÔ∏è
Der_Marcel_Los_Wochos,3.0 out of 5 stars,H√§lt es verspricht! Nur riecht es penetrant nach Latex!,Reviewed in Germany on 14 June 2022,Super Produkt!Empfehlenswert!Passform auch sehr angenehm!H√§lt was es verspricht!Nur gibt es ein ganz gro√ües Problem.Die Kondome riechen extrem penetrant nach Latex.Bedeutet: w√§hrend des Aktes riecht es extrem nach Latex‚Ä¶ vielleicht kann man daran etwas √§ndern dann w√§re es perfekt!
Ian Schimpf ,4.0 out of 5 stars,"Manchmal krass, manchmal nicht krass",Reviewed in Germany on 2 January 2022,"Hab jetzt 4 St√ºck benutzt. 2 mal war es sehr gut, also hat echt bet√§ubt und 2 mal war es wie ein normales Kondom."
Joe Moe,5.0 out of 5 stars,Sehr angenehm und funktionieren,Reviewed in Germany on 18 August 2022,Eigentlich als Gag gekauft sind diese Kondome schon super. Verfehlen Ihre Wirkung nicht ;)
Markus Vogt,4.0 out of 5 stars,Schon ein bisschen besser,Reviewed in Germany on 2 September 2021,"Die Kondome erf√ºllen schon den Sinn und Zweck jedoch ist es kein Allheilmittel zur Bek√§mpfung vom zu fr√ºhzeitigen H√∂hepunkt, wie manche Leute hier annehmen. Wer da gr√∂√üere Probleme hat sollte sich von einem Arzt beraten lassen und nicht √ºber die Bewertungen von Amazon. Alles in allem hat der Kondom die Dauer dennoch verl√§ngert und ein freudiges Erlebnis mitgebracht."
Nik,5.0 out of 5 stars,Von 30s auf 10min - Partner wird begeistert sein,Reviewed in Germany on 6 February 2022,"Was soll ich gro√ü sagen, diese Dinger wirken wunder. Waren es vorher noch 30 Sekunden (welche auch schon gut sind!!), ist das Liebesvergn√ºgen mit diesen kleinen Helden auch endlich mal f√ºr die Partnerin auf eine angenehme L√§nge von mind. 10 Minuten herausholbar.Man muss allerdings aufpassen wenn man den Hut aus der Verpackung holt, dass das Gel nicht herausf√§llt. Das Gel wirkt bereits nach 30 SekundenRettet einem echt den AbendGebe also ‚≠êÔ∏è‚≠êÔ∏è‚≠êÔ∏è‚≠êÔ∏è‚≠êÔ∏è"
Kathie,4.0 out of 5 stars,Fine,Reviewed in Germany on 21 November 2021,It does what it is supposed to. I have since changed brands though and I am much happier with the other's performance. It's all subjective. These are okay.
KHAN,3.0 out of 5 stars,Good,Reviewed in Germany on 21 July 2022,Good
Nathalie,4.0 out of 5 stars,Sch√ºtzt,Reviewed in Germany on 24 February 2022,Sch√ºtzt
Kevin,5.0 out of 5 stars,Es funktioniert!,Reviewed in Germany on 2 April 2022,Die Kondome halten das was sie versprechen !Das Gef√ºhl ist ein wenig wie ein eingeschlafener arm zu beschreiben aber daran hat man sich schnell gew√∂hnt.Habe einige Konkurrenzprodukte getestet und dieses hier war mit Abstand das beste.
Claus Ro√ünagel,4.0 out of 5 stars,Guter Artikel,Reviewed in Germany on 18 January 2022,ok
Justin. R,4.0 out of 5 stars,Produkt Verpackung durch Versand leicht besch√§digt,Reviewed in Germany on 28 November 2020,"Das Produkt kam sehr schnell an allerdings war die Verpackung üòÅminimal besch√§digt. Der Inhalt ist trotz aller dem komplett und unbesch√§digt. Funktion es Produktes war zu meiner zufriedenheit. Nach einer einwirkzeit von etwa 5-10 Minuten hat die leichte Bedeutung ca. 15-30 Minuten ang halten. Der Akt hat wesentlich l√§nger angehalten als sonst, allerdings darf man nichts √ºber trieben des erwarten. Es gab in meinem Fall ca eine verbesserung von ca 7_12 Minuten"
Timo B.,1.0 out of 5 stars,Absoluter M√ºll,Reviewed in Germany on 8 February 2023,Bringt rein gar nichts au√üer leichtes Brennen danach. Lohnt sich absolut nicht.
Selen,5.0 out of 5 stars,Ich bin mega zufrieden!,Reviewed in Germany on 30 March 2022,Sie tun das was drauf steht. Ich kann durch das Gel innen wirklich l√§nger und deswegen benutze ich diese Gummis seit Jahren.Richtige Atmung und die Gummis und ihr haltet 45 Minuten durch. Viel Erfolg M√§nner
Peter Samek,4.0 out of 5 stars,Bewerten,Reviewed in Germany on 28 December 2021,gute warre
Mother Mercury üé∂,4.0 out of 5 stars,"F√ºr l√§nger ja, aber f√ºr besseren",Reviewed in Germany on 29 October 2021,"Orgasmus, eher nein. Ist halt etwas benommen der L√ºmmel :-)"
P√°link√°s Bendeg√∫z √Åkos,3.0 out of 5 stars,Direkt gerissen,Reviewed in Germany on 23 April 2022,Eigentlich gutes Produkt aber nach ner Zeit gerissen
kai maier,1.0 out of 5 stars,Kein Gef√ºhl im Pimmel,Reviewed in Germany on 21 January 2023,Nicht gut kein Gef√ºhl mehr im Pimmel kauf empfehlung geht nicht raus
Amazon Kunde,1.0 out of 5 stars,Komplett Bet√§ubt,Reviewed in Germany on 7 January 2023,"Habe nichts mehr gesp√ºrt, da mein L√∂rres komplett taub war. M√ºssten abbrechen, hilft also so gesehen nicht zum l√§nger durchhalten!"
Mo,5.0 out of 5 stars,Super schnelle Lieferung,Reviewed in Germany on 21 June 2022,Diese Dinger kann ich nur empfehlen üëç
Ashley Burzick,1.0 out of 5 stars,Atom kaputt,Reviewed in Germany on 8 January 2023,Kondom kaputt ist aufgeplatzt w√§hrend des Sex das ist eigentlich kalt nicht m√∂chte Geld zur√ºck Anzeige
Martin G.,5.0 out of 5 stars,"Hilft gut, sehr angenehm in der Benutzung",Reviewed in Germany on 25 July 2021,"Wirkt super bei mir, verz√∂gert wirklich merklich, w√ºrde ich jederzeit weiterempfehlen, habe bisher, um den selben Effekt zu erzielen Xylocain Dental Bet√§ubung benutzt, ist noch effektiver, aber in der Anwendung sind diese Kondome angenehmer, man muss sie nur schon ein paar Minuten vor dem Akt √ºberziehen, damit das Mittel in der Kondomspitze seine Wirkung entfalten, ist bei Xylocain aber genauso, aufspr√ºhen und dann ca 2- 3 min warten und dann Kondom dar√ºber"
Customer,5.0 out of 5 stars,Der Akt wird verl√§ngert,Reviewed in Germany on 8 April 2022,"Der Akt wird tats√§chlich verl√§ngert. Die ""Taubheit"" ist nicht unangenehm. Von mir aus k√∂nnte sie Wirkung noch etwas l√§nger andauern"
Felixbadur,4.0 out of 5 stars,Kondome mit Beteubungsgeel,Reviewed in Germany on 15 September 2021,Beteubt Glied passt gut.(man sp√ºrt trotzdem noch genug)
Cef Yil,3.0 out of 5 stars,Ich merke keinen gro√üen Unterschied,Reviewed in Germany on 30 December 2021,In der Spitze ist eine gelartige Masse. Diese soll wohl das Gef√ºhl mindern. Ich mehre leider keinen Unterschied. Die normalen Gef√ºhlsechten sind genauso gut
Thomas Bebensee,5.0 out of 5 stars,Produkt wie beschrieben,Reviewed in Germany on 8 June 2022,Produkt wie beschrieben.
Jonathan Franks,5.0 out of 5 stars,Man h√§lt l√§nger durch,Reviewed in Germany on 23 February 2022,Man kann automatisch l√§nger durch die Leichte Bet√§ubung. Die man so aber gar nicht merkt. Ist sehr schwach hat aber trotzdem einen super Effekt.
Fromm Oliver,4.0 out of 5 stars,Bei mir wir nix taub,Reviewed in Germany on 16 January 2021,Ich kann das nicht best√§tigen was alle anderen schreiben bei mir wird nix wirklich taub aber eine kleine Verl√§ngerung ist da allerdings w√ºrde ich sie zu dem Preis nicht nochmal kaufen
Matthias,2.0 out of 5 stars,Keine Ver√§nderung,Reviewed in Germany on 16 July 2022,Hab keine Verl√§ngerung des vergn√ºgen gemerkt.War wie ein normales kondom.
Hr. M√§userich,5.0 out of 5 stars,Wirkt,Reviewed in Germany on 6 May 2022,Funktioniert. H√§lt was es verspricht.
Ein Kunde,5.0 out of 5 stars,Sehr lang,Reviewed in Germany on 28 April 2022,es war sehr lang. stark Empfehlung
Duderino90,3.0 out of 5 stars,Absoluter Fehlkauf,Reviewed in Germany on 13 October 2020,"+ Preis war okay+ kein Kondom gerissen oder l√∂chrig- zwei gro√üe Minuspunkte f√ºr dieses Kondom: das Performa Gel sorgt unter Umst√§nden f√ºr ein Taubheitsgef√ºhl im Glied, was zu seinem Erschlaffen f√ºhrt und was man beim Sex absolut nicht gebrauchen kann.Dann halte ich lieber nur 3-5 Minuten beim Sex durch und hab wenigstens ne ordentliche Erektion, als zu versuchen, mit dem unerregiertem Glied Spa√ü zu haben :-) werde diese Kondome nicht nochmal kaufen, mit diesen macht es weder f√ºr Frau noch Mann Spa√ü, wie auch wenn der gute wabblig wie eine Spaghetti wird..."
Florian R.,5.0 out of 5 stars,Mal was Neues,Reviewed in Germany on 2 January 2021,"Die Lieferung war am n√§chsten Tag bei uns. Ich empfand das Gel nicht als st√∂rend. Beim auspacken muss allerdings darauf geachtet werden, dass das Gel nicht herausf√§llt. Am besten nach dem √ºberziehen kurz einmassieren. Tats√§chlich kamen bei uns am Ende ein paar Minuten mehr bei rum (Kann allerdings auch an der Tagesform liegen). Ansonsten gabrn einem die Kondome wie immer ein gutes Gef√ºhl von Sicherheit."
Robert Ionescu,4.0 out of 5 stars,Gute L√§nge mit keine Effekt,Reviewed in Germany on 20 March 2020,"Ich konnte von dem Akt-verl√§ngerdem Effekt leider nichts merken, bis auf das st√∂rende feste Gel in der Kammer an der Spitze.Daf√ºr ist ein absoluter Kaufgrund f√ºr mich die L√§nge der Kondome, da diese deutlich l√§nger sind als die Standard Durex Kondome, passen diese besser, da man sie bis zum Schaft abrollen kann, und dadurch einen viel besseren Halt bekommen."
Frederik J.,1.0 out of 5 stars,Sehr unangenehm,Reviewed in Germany on 21 October 2022,"Haben diverse Produkte von Durex gekauft. Dieses war bei weitem das schlechteste. Ich habe ein starkes Taubheitgef√ºhl in meinem besten St√ºck gehabt, sodass wir abbrechen mussten.Also in keinsterweise zu empfehlen!!"
Mohamed Fadlallah Ali,1.0 out of 5 stars,Schlecht,Reviewed in Germany on 30 November 2022,Das An√§sthetikum ist unwirksam
HAGL,5.0 out of 5 stars,top!,Reviewed in Germany on 27 March 2022,TOP! Sehr zufrieden! Empfehlenswert!
Manuel M√∂ckel,5.0 out of 5 stars,DUREX,Reviewed in Germany on 12 February 2022,Ich kann nur eines sagen: ABSOLUTE KAUFEMPFEHLUNG. Die Wirkung ist ein Traum
Amazon Kunde,3.0 out of 5 stars,Gut aber bereits ge√∂ffnet,Reviewed in Germany on 16 September 2020,"Die Kondome sind sehr zeitig angekommen, auch die Lieferung war unproblematisch, jedoch ist mir beim √ñffnen des Pakets sofort aufgefallen, dass die Kondompackung bereits ge√∂ffnet war und auch die Kondome unterschiedlich wieder eingeordnet wurden. Es ist also sehr offensichtlich, Dass die Packung ge√∂ffnet, die Kondome heraus und wieder hinein gelegt wurden. Irgendwelche Einstichl√∂cher oder √Ñhnliches konnte ich bisher nicht feststellen. Aus Dringlichkeitsgr√ºnden sind einige der Kondome bereits in Benutzung gewesen und jetzt hei√üt es abwarten was passiert....."
Chris,4.0 out of 5 stars,Satisfied,Reviewed in Germany on 21 January 2021,Product delivered on time. Works as advertised. I am happy with purchase.
Matthias Littmann,5.0 out of 5 stars,Passt,Reviewed in Germany on 28 December 2021,Liegt gut in der Hand und flutscht ganz gut. Halten tun Sie f√ºr ne Stunde auch.
Jonas ,5.0 out of 5 stars,a hot morning for a good morning wood,Reviewed in Germany on 22 December 2021,Wei√ü nicht ob es blo√ü Einbildung war aber da ging schon mehr als letztens. Zu empfehlen.
Laura Espinosa duquesne,4.0 out of 5 stars,Super,Reviewed in Germany on 7 April 2021,"So schnell, ich Liese so"
Mot√∂rhead,4.0 out of 5 stars,Gut,Reviewed in Germany on 23 May 2021,Gut
Amazon Kunde,4.0 out of 5 stars,Naja geht so,Reviewed in Germany on 2 November 2020,Es ist okay mann merkt ein wenig aber nicht das was mann sich vorgestellt hat
Haydar Er√ºnsal,1.0 out of 5 stars,Notmal,Reviewed in Germany on 5 November 2022,Ise yaramaz
Anonym,1.0 out of 5 stars,Bringt nichts,Reviewed in Germany on 8 October 2022,Innen war das Gel trocken und hab auch nichts von der Wirkung gesp√ºrt
lenny,5.0 out of 5 stars,Gedacht ich w√§re johnny sins,Reviewed in Germany on 20 January 2022,Man kann ****** wie ein champ
Besim,4.0 out of 5 stars,üëç,Reviewed in Germany on 22 March 2021,Alles gut
Lesley,4.0 out of 5 stars,Think the long-last is mostly between your ears,Reviewed in Germany on 23 December 2020,"Didn't notice any ""numbing"" effect...."
Veit_Mike,5.0 out of 5 stars,TOP Produkt,Reviewed in Germany on 24 November 2021,"Sehr gutPasst gut , h√§lt gutf√ºhlt sich angenehm an"
Peter Achtermann,4.0 out of 5 stars,Gut,Reviewed in Germany on 14 January 2021,Gut
Ben,2.0 out of 5 stars,Wirkung nicht erkennbar,Reviewed in Germany on 22 January 2022,Sitzt gut und sch√ºtzt bisher auch gut. Allerdings merke ich nichts von der Wirkung des Gels. Naja... aufbrauchen und dann andere kaufen.
Lenny,5.0 out of 5 stars,H√§lt was es verspricht,Reviewed in Germany on 23 December 2021,Top Produkt
Denny Eckert,4.0 out of 5 stars,Kondome,Reviewed in Germany on 3 July 2019,"Hab nun das wiederholte mal Kondome bei Amazon bestellt & muss ehrlich sagen, im Vergleich zum Preis Leistungsverh√§ltnis kann man sich nicht beschweren. Sie sitzen gut & der Sex mit ihnen macht Spa√ü, einer ist mir den Tag fast gerissen daher nur 4 von 5 Sterne"
Palo,5.0 out of 5 stars,Sehr angenehmer Sitz,Reviewed in Germany on 27 June 2021,H√§lt was sie versprechen. Die Wirkung bei den Kondomen ist sehr gut. Fast schon zu gut. Dazu sitzen sie gut.
Patrick,5.0 out of 5 stars,Funktioniert,Reviewed in Germany on 7 July 2020,Funktioniert sehr gut.In der Spitze ist eine wei√üe Substanz die durch die K√∂rpertemperatur schmilzt und den Penis etwas bet√§ubt...Gut wenn man viel vor hat...Nur schade das es die nicht in extra gro√ü gibt weil so sind sie doch was eng....
Thomas Schramm,2.0 out of 5 stars,Geht so,Reviewed in Germany on 19 February 2022,Habe ich mir mehr drunter vorgestellt
Kaushalya,5.0 out of 5 stars,Damn üî•,Reviewed in Germany on 13 November 2021,Unexpectedly Perfect üòπ
Chao Zou,5.0 out of 5 stars,sehr gut zu kaufen,Reviewed in Germany on 10 November 2021,Sehr gute Sache
Flo,5.0 out of 5 stars,Erwartung √ºbertroffen...,Reviewed in Germany on 30 March 2021,Super Kondome! Die Wirkung ist echt Klasse. Mann kann wirklich deutlich L√§nger und h√§rter. Super bin hoch zufrieden.
Jorge Fonseca,4.0 out of 5 stars,üëç,Reviewed in Germany on 2 July 2020,üòä
Steff,4.0 out of 5 stars,Stark,Reviewed in Germany on 27 November 2019,L√§nger durchhalten tut man also Produkt erf√ºllt seinen zweck. Jedoch ist mir pers√∂nlich das Gel eteas zu stark.
Vim,3.0 out of 5 stars,Billig und schlecht verpackt,Reviewed in Germany on 16 April 2021,Nicht zu empfehlen. Kauft lieber Skyn
Megafone,5.0 out of 5 stars,Sehr gut üëç,Reviewed in Germany on 21 May 2021,finde es h√§lt was es verspricht kann aber auch nur Einbildung sein
Tim K.,3.0 out of 5 stars,Offene Packung erhalten/Wirkung Top,Reviewed in Germany on 22 August 2020,Die Wirkung ist top. Kleine Einwirkzeit und ab geht's!Ich habe schon 2 mal bestellt beide male war es schon offen ..
Robin,5.0 out of 5 stars,Unglaublich aber wahr.,Reviewed in Germany on 27 December 2020,Der Akt wird tats√§chlich stark verl√§ngert. Ich bin jetzt seit zweieinhalb Monaten dran und es ist kein Ende in Sicht ;)
Max G,2.0 out of 5 stars,Schrecklich,Reviewed in Germany on 1 March 2020,"Wer keinen Spa√ü am Sex haben will, der bekommt hier das richtige.Das Mittel bet√§ubt den Penis total, man sp√ºrt im Grunde nichts mehr.Das macht dann auch keinen Spa√ü, trotzdem kann man aber noch kommen, das gute Gef√ºhl dabei bleibt jedoch aus.Allerdings vergeht mir sehr schnell die Lust, wenn ich mein bestes St√ºck gar nicht mehr sp√ºre...Auch sollte man hinterher von Blowjobs absehen, da sonst auch noch die Zunge bet√§ubt wird. Die lallende Beschwerde war nur f√ºr einen der Beteiligten lustig :D"
Erik S.,3.0 out of 5 stars,Funktioniert auch mit etwas Verz√∂gerung..,Reviewed in Germany on 11 April 2020,"Die Wirkung des Verz√∂gerungsgels setzt erst versp√§tet ein, ist aber sp√ºrbar.Das ""Gel"" liegt beim Entnehmen aus der Verpackung allerdings eher in Form einer br√∂ckeligen Paste vor, k√∂nnte irgendwo besser eingearbeitet sein.."
Marcel,4.0 out of 5 stars,Erf√ºllt sein Zweck,Reviewed in Germany on 2 March 2020,Tipp: einfach auf links drehen wenn die Frau zu schnell ist.
Amazon Kunde,5.0 out of 5 stars,Was soll man da schreiben......,Reviewed in Germany on 16 June 2021,Der Akt wird verl√§ngert. Dh. Es funktioniert.
Amazon Kunde,1.0 out of 5 stars,Absolut nicht empfehlenswert,Reviewed in Germany on 29 July 2022,F√ºr mich absoluter schrott
Jens,5.0 out of 5 stars,Top,Reviewed in Germany on 25 January 2021,"Erf√ºllt seinen Zweck und ja, man kann l√§nger.Lieferung top wie immer, schnell und gut verpackt."
B,1.0 out of 5 stars,Achtung gerissen!,Reviewed in Germany on 28 April 2022,Das 2. Kondom ist w√§hrend dem Gebrauch gerissen. Sehr unangenehm denn genau das ist der Zweck eines Kondoms! Restlichen Kondome wurden entsorgt. Das Geld ist auch weg da keine R√ºckgabe mehr m√∂glich.
Thomas Ehret,4.0 out of 5 stars,Okay,Reviewed in Germany on 1 March 2020,Okay
MrApplebee,5.0 out of 5 stars,5/5,Reviewed in Germany on 13 April 2021,"Preis - Leistung top, sch√ºtzt, angenehm zu tragen"
Marcel,5.0 out of 5 stars,Sie halten was sie versprechen,Reviewed in Germany on 5 September 2020,Finde das sie ein kleines bisschen das bewirken was sie sollen.Nur das die Dinger gern ma rei√üen was nat√ºrlich nicht gut ist.
Michael Roth,1.0 out of 5 stars,bei der ersten Benutzung gerissen :(,Reviewed in Germany on 18 June 2022,Scheint nicht stabil zu sein. Bei ordnungsgem√§√üer Anwendung gerissen
Konstantin,3.0 out of 5 stars,Hilft nicht viel,Reviewed in Germany on 18 October 2020,Hat mir nichts gebracht. Da reichen auch die normalen
Krzysztof Bockholt,5.0 out of 5 stars,Gut,Reviewed in Germany on 12 July 2021,Gut
Michael,3.0 out of 5 stars,Prima,Reviewed in Germany on 17 December 2020,Alles ok...
Raphael S.,5.0 out of 5 stars,Not pregnant,Reviewed in Germany on 11 May 2021,They work great! :)
Vera,5.0 out of 5 stars,Jepp,Reviewed in Germany on 25 April 2021,Tut was es soll
Martin,3.0 out of 5 stars,Sehr gut!,Reviewed in Germany on 18 November 2020,Sehr gut!
Amazon Kunde,3.0 out of 5 stars,Packung offen und fehlend,Reviewed in Germany on 19 August 2020,"Packung leider ge√∂ffnet, und 2 fehlen also bisschen entt√§uscht"
XiaoQiang,5.0 out of 5 stars,Super super super,Reviewed in Germany on 6 May 2020,"Ich habe das geholt weil es f√ºr eine verl√§ngerte Geschlechtszeit versprich, das kann ich best√§tigen.Zur Vergleich zur Medikament, hat das Produkt keine Nebenwirkungen. Ich werde wieder kaufen."
Amazon Kunde,5.0 out of 5 stars,Erf√ºllen ihre Aufgabe,Reviewed in Germany on 9 December 2020,Kein Kondom ist gerissen somit haben sie f√ºr mich ihre Aufgabe erf√ºllt
Peter Glockner,5.0 out of 5 stars,Top Performance,Reviewed in Germany on 2 January 2021,Macht viel mehr Spa√ü und das auch bedeuten l√§nger üëå
PACO,2.0 out of 5 stars,Fake,Reviewed in Germany on 16 December 2020,Leider h√§lt es nicht das was es verspricht.Es gibt westlich bessere und G√úNSTIGERE !!nie wieder da kann ich ja auch normale Gummis nehmen da bin ich auch nach 10sekunden fertig !
Amazon Kunde,5.0 out of 5 stars,herr,Reviewed in Germany on 3 May 2021,sehr gut
sausekatze 1,5.0 out of 5 stars,Kondome,Reviewed in Germany on 27 March 2021,"Gutes Produkt, guter Preis"
Amazon Kunde,2.0 out of 5 stars,Hat keine Wirkung,Reviewed in Germany on 17 August 2021,Ich hab es nur neugierig bestellt und wirkt nir wenn man mehre St√ºcks nutzt
Nic,4.0 out of 5 stars,Top Produkt,Reviewed in Germany on 15 July 2019,Tut was es soll
Amazon Kunde,1.0 out of 5 stars,Zerrissen,Reviewed in Germany on 10 April 2022,"Zwei St√ºck verwenden und beide sind zerrissen.Rest sofort weggeschmissenen.Sehr entt√§uschend, da ich sonst mit Durex sehr zufrieden war"
Patrick Mossner,3.0 out of 5 stars,Verpackung heut schlecht ansonsten alles gut,Reviewed in Germany on 26 August 2020,Produkt Packung war offen
Christop M√ºller,5.0 out of 5 stars,Alles super  :),Reviewed in Germany on 3 May 2021,*_*
Privat ,1.0 out of 5 stars,Paket ge√∂ffnet und zwei St√ºck fehlen,Reviewed in Germany on 2 May 2022,Paket war ge√∂ffnet und 2 St√ºck fehlten. Was eine Frechheit
N. Koch,5.0 out of 5 stars,Hammer aber schon teuer,Reviewed in Germany on 8 July 2019,Also die Kondome bringen der erhofften Effekt. Ich konnte viel l√§nger w√§hrend dem Sex. Meine Freundin hats nat√ºrlich am meisten gefreut. Aber auch ich hatte l√§ngeres Vergn√ºgen. Allerdings ist es schon verdammt teuer f√ºr 14 mal Sex...
JuliaBrue,3.0 out of 5 stars,Naja,Reviewed in Germany on 5 February 2020,"Leider halten sie nicht wirklich, was sie versprechen. Man muss echt lange warten, bis das Zeug im Kondom wirkt."
Gintaras,4.0 out of 5 stars,üëç,Reviewed in Germany on 2 November 2019,üëç
Marcel,5.0 out of 5 stars,Ja ab und an mal,Reviewed in Germany on 5 September 2020,Halten auch das was sie versprechen.Finde zwar das es ein anderes Gef√ºhl gibt.
Mergim Bajramaj,1.0 out of 5 stars,Nicht gut,Reviewed in Germany on 30 May 2022,War nicht sehr √ºberzeugt
Thorsten,5.0 out of 5 stars,Sitzen perfekt,Reviewed in Germany on 5 January 2021,Die Kondome sitzen perfekt und halten dicht.
Felixistderdabo,5.0 out of 5 stars,Kondom,Reviewed in Germany on 22 February 2021,Erf√ºllt seinen Job
Mateusz,5.0 out of 5 stars,Passt,Reviewed in Germany on 19 January 2021,"Passt und schnell lieferung, empfehles"
Sv,2.0 out of 5 stars,Kondome rei√üen,Reviewed in Germany on 14 January 2020,Trotz einiger Bewertungen die von rei√üenden Kondomen berichtet haben habe ich sie bestellt. Ich dachte bei Durex kann das nicht stimmen. Aber auch bei mir ist schon das zweite Kondom gerissen. Das ist selbstverst√§ndlich ein K.O. Kriterium.Ihren eigentlichen Zweck der Verz√∂gerung erf√ºllen Sie einigerma√üen gut. Den der Verh√ºtung aber offensichtlich nicht.Auf keinen Fall kaufen.
Dbaran,5.0 out of 5 stars,Super,Reviewed in Germany on 3 February 2021,Sehr sch√∂n und gut
immobbbbb,3.0 out of 5 stars,Nicht der gew√ºnschte Erfolg,Reviewed in Germany on 3 April 2020,"Kondom ist Durex √ºblich sehr gut. Verl√§ngerung des Aktes, eher Fehlanzeige"
Finn,2.0 out of 5 stars,Nicht das was versprochen wird,Reviewed in Germany on 7 June 2020,"Konnte nicht, wie im Titel versprochen, l√§nger. Also √ºberteuerte Condome. Was aber auch noch viele andere geschrieben haben, ist das zu viel Gleitgel verwendet wurde/wird, das ist nicht der Fall, Rate aber dennoch vom Kauf ab und w√ºrde eher billigere Empfehlen"
khalil,5.0 out of 5 stars,Gut,Reviewed in Germany on 26 February 2021,Gut
Bipin,3.0 out of 5 stars,It is too much expensive,Reviewed in Germany on 24 April 2020,Its not good working
Weizenkene,5.0 out of 5 stars,Ballern die Ganze Nacht,Reviewed in Germany on 20 July 2020,Etz muss man sich nichtmehr 15 Weizen f√ºr ausdauer reinballern diese Goldst√ºcke erh√∂hen die Leistung um 100%
J√∂rg Knell,5.0 out of 5 stars,Neutrale Verpackung,Reviewed in Germany on 16 February 2021,Top
Diogo F.,5.0 out of 5 stars,Durex,Reviewed in Germany on 16 January 2021,Durex
Denis Neer,5.0 out of 5 stars,Super,Reviewed in Germany on 7 April 2020,Die Kondome Verpackung sieht sehr sch√∂n aus und die Kondome sind sehr angenehm zu tragen :)
Justin K,1.0 out of 5 stars,Nicht kaufen!,Reviewed in Germany on 30 January 2022,Gibt nicht viel dazu zu sagen aber die Creme funktioniert bei mir nicht und jetzt schon 2 mal ein Kondom gerissen bzw. geplatzt.
Marco Duarte,5.0 out of 5 stars,Kondome halt,Reviewed in Germany on 19 January 2020,Kondome halt. Und 3MM mehr Durchmesser als standart bessere Passform vorallem sie rutschen nicht mehr so leicht ab
Jan H√ºbenbecker,2.0 out of 5 stars,Eins ist gerissen.,Reviewed in Germany on 14 April 2021,Eins ist bei Benutzung gerissen. Unvorteilhaft.
Eugen k.,5.0 out of 5 stars,Zu viel versprochen,Reviewed in Germany on 14 September 2020,Nichts BesonderesGanz normale Gummis
Dimitri W.,2.0 out of 5 stars,Wirkt bei mir nicht,Reviewed in Germany on 4 November 2020,"Hat bei mir keine Wirkung, am Ende doch ganz normale Kondome. Und normale Kondome gibt's auch g√ºnstiger zu kaufen."
Wolf1071,5.0 out of 5 stars,Ok,Reviewed in Germany on 22 November 2020,Erf√ºllt seinen zweck
≈†√£lƒ´,3.0 out of 5 stars,Diesdas,Reviewed in Germany on 27 January 2020,Eigentlich gut aber rei√üen schnell
Anonym,5.0 out of 5 stars,Scheinen zu funktionieren,Reviewed in Germany on 19 February 2020,"Handbetrieb hat bereits Erfolge gezeigt. Von weniger Gef√ºhl kann ich so nicht reden, jedoch von einem l√§ngeren Spiel."
Amazon Kunde,1.0 out of 5 stars,ausversehen bestellt ohne zu wissen was es ist,Reviewed in Germany on 14 March 2022,Ausversehen bestellt ist komisch und nervt
Mario Ri√ümann,5.0 out of 5 stars,Alles gut passt üòÇ,Reviewed in Germany on 14 November 2020,Top Qualit√§t
Frank,5.0 out of 5 stars,Funktioniert,Reviewed in Germany on 2 August 2020,Wird alles eingehalten was versprochen wird
Stanley Lehmann,2.0 out of 5 stars,"Kein Effekt,  seit vorsichtig sind sehr gro√ü",Reviewed in Germany on 8 July 2020,"Also Umverpackung war f√ºrn A.... . Und bewirkt auch nix , sind echt ziemlich gro√ü anf√§llig zum rei√üen dadurch. Gibt's bei Rossmann auch aber g√ºnstiger"
Philipp,5.0 out of 5 stars,Top,Reviewed in Germany on 24 November 2020,Top
MOHAMMAD ALOKLAH,5.0 out of 5 stars,Gut,Reviewed in Germany on 16 November 2020,Gut
EW,5.0 out of 5 stars,Gutes Preisleistungsverh√§ltnis.,Reviewed in Germany on 14 October 2020,Gutes Preisleistungsverh√§ltnis.
K√∂nig L√∂w,1.0 out of 5 stars,Achtung!!!,Reviewed in Germany on 30 June 2020,"Eines der Produkte, die ich in der ersten Packung verwendet habe, war zerrissen. Das ist sehr gef√§hrlich f√ºr mich und meine Frau. Wir haben gedanken man kann einmal so werden.Beim zweiten mal hatten wir das gleiche problem, was f√ºr uns sehr wichtig ist. Es wurde wieder zerrissen. √úberpr√ºfen Sie dies unbedingt vor der Verwendung. Ich wei√ü nicht, dass das Produkt nicht original ist. Ich hoffe dass ich eine befriedigende Antwort vom Verk√§ufer bekomme."
Patti,5.0 out of 5 stars,Qualit√§t ist top,Reviewed in Germany on 13 August 2020,Optimal! Sehr zu empfehlen!!!
Muhammad Abid,5.0 out of 5 stars,Great work,Reviewed in Germany on 23 September 2020,Great work
Robert Steil,5.0 out of 5 stars,Schlecht,Reviewed in Germany on 14 October 2020,Naja
Einfach ich,5.0 out of 5 stars,Toller St√§nderhalter,Reviewed in Germany on 8 November 2019,"Waren ganz toll. Mein St√§nder war noch 3 Tage danach bet√§ubt, endlich habe ich ihn nicht mehr gesp√ºrt"
Tim Reichelt,3.0 out of 5 stars,Gef√ºhlsecht ist da nicht mehr bei.,Reviewed in Germany on 6 August 2019,F√ºhlt sich komisch an.
Amazon Kunde,5.0 out of 5 stars,Einfach nur mega geil. Man wird direkt zum syxgott,Reviewed in Germany on 29 September 2020,Baba
10JJ10,1.0 out of 5 stars,Used only once,Reviewed in Germany on 29 November 2021,"Used once, popped, did not notice because I did not feel anything at all. Not going to use them again."
Fischer 1 üòé,1.0 out of 5 stars,Hilft nichts!,Reviewed in Germany on 28 December 2021,Allso der sex ist gleich wie immer hilft nichts
Tobias G,1.0 out of 5 stars,Gr√∂√üter Mist,Reviewed in Germany on 10 January 2022,Teuer und dass Verz√∂gerungsgel ist schon kristalline
Boban krstic,5.0 out of 5 stars,Sehr zufrieden,Reviewed in Germany on 25 November 2019,Benutze schon Jahre lang diese Kondome und bin schwer zufrieden
5536,1.0 out of 5 stars,Bringt nichts,Reviewed in Germany on 5 December 2021,Haben keine Wirkung gesehen und es brennt. Nicht zu empfehlen
Martina Wendt,5.0 out of 5 stars,Macht was es soll...,Reviewed in Germany on 6 September 2019,‚Ä¶ macht es l√§nger als sonst... alles gut... Qualit√§t von Durex...
Ahmad Akko,2.0 out of 5 stars,Wirkt nicht so stark und rutsch sehr.,Reviewed in Germany on 4 August 2020,"Hat mir nicht gefallen, unangehmem und hab besser Ergebnisse erwartet"
Amazon Kunde,5.0 out of 5 stars,Alles okay,Reviewed in Germany on 31 December 2019,Mein Mann und ich hatten wieder viel Spa√ü
CL,5.0 out of 5 stars,Tut was es soll!,Reviewed in Germany on 3 January 2020,L√§nger und angenehmer mit diesen Durex Kondomen
M.K,5.0 out of 5 stars,Verbesserung ist sp√ºhrbar,Reviewed in Germany on 3 October 2019,Machen aus dem Mann jetzt kein Zuchtbullen aber verl√§ngert aufjedenfall den akt
Holgi bremen ,1.0 out of 5 stars,Fehlkauf,Reviewed in Germany on 22 December 2021,Nichts weiter als ein Marketing-Gag.....ausser Spesen...
Tobi,1.0 out of 5 stars,Ungen√ºgend!,Reviewed in Germany on 11 May 2020,"Kurz und Knapp.3 Gummis probiert und Ordnungsgem√§√ü nach Anleitung benutzt und trotz alledem sehr entt√§uschend.Alle 3 St√ºck sind gerissen und von einem l√§ngerem ""Erlebnis"" habe ich auch nichts bemerkt.Wie hier schon einige Leute geschrieben haben, wer kein Kind riskieren will, sollte andere Kondom benutzen.Pille danach ist nicht Billig!Nicht zu Empfehlen!"
MM,1.0 out of 5 stars,MAN DARF NICHT ZUR√úCK SENDEN!!!,Reviewed in Germany on 19 February 2021,"Das Produkt kam wie gesagt.Als ich die Verpackung ge√∂ffnet habe, habe ich direkt gemerkt dass das Paket √∂ffnen ist und man DARF NICHT ZUR√úCK SENDEN!!!!!!!!!Das ist das erste Mal, dass ich so was erlebe!"
Darkiii,5.0 out of 5 stars,‚ÄûPasst‚Äú :-D,Reviewed in Germany on 4 May 2020,Angenehm im tragen
Alexx2012,5.0 out of 5 stars,Top,Reviewed in Germany on 9 April 2020,Macht echt Spa√ü damit
Jonas,5.0 out of 5 stars,Top,Reviewed in Germany on 18 June 2020,L√§uft:D
Jose P.,5.0 out of 5 stars,It really helps improve sex life,Reviewed in Germany on 29 December 2019,It helped with premature ejaculation definitely
Kai ,5.0 out of 5 stars,F√ºr l√§ngeren Spa√ü mega,Reviewed in Germany on 27 April 2020,Sehr angenehm
S0n1ks,1.0 out of 5 stars,Versand NOGO,Reviewed in Germany on 16 October 2020,Ich werde sie nicht ausprobieren da die Verpackung bereits ge√∂ffnet war und die Kondome alle verschiedenherum waren hei√üt da war schon mal jemand dran .M√ºsste man eigentlich umgehend zur√ºck schicken aber f√ºr 10 Euro habe ich da keine Lust drauf .Dann doch lieber im Laden kaufen
FB,1.0 out of 5 stars,Kein unterschied zu merken,Reviewed in Germany on 27 September 2020,"Kondome an sich super , wie jedes andere Kondom auch einfach abzurollen und rei√üfest.Von dem gel was drinne sein soll habe ich selber √ºberhaupt nichts gemerkt , weder beim ersten noch bei weiteren Kondomen der Packung.Also eher nicht zu empfehlen da kann man auch g√ºnstigere Kondome kaufen"
trinh,5.0 out of 5 stars,Gut,Reviewed in Germany on 21 May 2020,Perfect
Willy,1.0 out of 5 stars,Nicht zu empfehlen,Reviewed in Germany on 5 February 2021,Verpackung war ge√∂ffnet und besch√§digt.V√∂llig entt√§uscht von der Lieferung.Habe auch keine Wirkung gesp√ºrt.Das Gel an der Spitze war eher hart wie wax und hat auch nichts gebracht.
Alex1818,1.0 out of 5 stars,M√ºll,Reviewed in Germany on 8 January 2022,Schmutz
Andreas Leykamm,1.0 out of 5 stars,Gel klumpig,Reviewed in Germany on 11 October 2020,Leider war auch nach der zweiten Lieferung der Artikel in keiner guten Qualit√§t. Wie bei der ersten Lieferung war das ‚ÄûGel‚Äú kein Gel mehr sondern zu einem Klumpen geworden. Anscheinend schlecht gelagert und somit keine Kaufempfehlung
Amazon Kunde,1.0 out of 5 stars,Null Komma gar keine Wirkung!!,Reviewed in Germany on 17 February 2021,Bringt √ºberhaupt nichts bezogen auf den versprochenen Produktnutzen. Keine Wirkung auf die Empfindlichkeit auch nicht nach l√§ngerem tragen.
Sagopa Kajmer,1.0 out of 5 stars,Klumpen statt Gel,Reviewed in Germany on 23 December 2020,Das Angebliche gel existierte nicht daf√ºr aber eigenartige Klumpen. Ich habe schon einige √§hnliche Kommentare gelesen. Gewirkt hat nat√ºrlich auch nichts. Rausgeschmissenes geld.
Benjamin Nicolas Martinez Sanchez,5.0 out of 5 stars,Schnell geliefert und gute Qualit√§t,Reviewed in Germany on 9 August 2019,Schnell geliefert und wie in Produktbeschreibung
Hierzenberger Albert,2.0 out of 5 stars,Leider nicht,Reviewed in Germany on 8 September 2019,Verspricht mehr als es kann
andathebridge,5.0 out of 5 stars,Alles Bestens!,Reviewed in Germany on 28 November 2019,Alles Bestens!
Amazon Kunde,1.0 out of 5 stars,Nicht empfehlenswert,Reviewed in Germany on 23 January 2020,Sollen vorne im reservoir St√ºckchen sein???Zudem waren die Klebepunkte die den Karton zusammenhalten so schlecht das Sie den Versand nicht √ºberlebt haben.Ein Kondom sah deshalb so rampuniert aus das es sofort in die Tonne gekommen ist.
Patrick Bongardt,1.0 out of 5 stars,Paket kam aufgeplatzt an. Kann nicht zur√ºckgegeben werden.,Reviewed in Germany on 4 September 2021,
Nils,5.0 out of 5 stars,Das mit den Gel funktioniert wirklich!,Reviewed in Germany on 19 November 2019,Sehr gut!
Umberto,5.0 out of 5 stars,üëçüèΩ,Reviewed in Germany on 5 January 2020,üëçüèΩ
Anonym,1.0 out of 5 stars,Nee,Reviewed in Germany on 14 August 2021,Nicht so geil
Amazon Kunde,1.0 out of 5 stars,Kiste kam ge√∂ffnet,Reviewed in Germany on 27 November 2020,"Die Kiste kam ge√∂ffnet ! Diese kommen ja nomalerweise mit einem Plastikfilm, hier war sie komplett ge√∂ffnet..."
Najeeb Ahmed,1.0 out of 5 stars,Paket kam besch√§ftigt,Reviewed in Germany on 27 August 2021,
x3,1.0 out of 5 stars,Does no work,Reviewed in Germany on 6 April 2021,it is useless and get cheap from other countries.
Julia W. ,1.0 out of 5 stars,L√∂cher!,Reviewed in Germany on 8 October 2019,"Die Kondome sind nicht sicher, zur Verh√ºtung auf keinen Fall geeignet! Da das auch andere Rezensionen schon ausgesagt haben, kann es sich kaum um einen Einzelfall handeln. Unbedingt aufpassen! Au√üerdem brennen sie bei der Frau und haben auch nicht die versprochene Wirkung."
J,1.0 out of 5 stars,Leider kein Effekt.,Reviewed in Germany on 13 July 2020,Leider h√§lt es nicht was es verspricht. Mein Freund hat √ºberhaupt nichts gesp√ºrt. Leider ist es wie jedes andere Kondom.
Amazon Kunde,1.0 out of 5 stars,Packung war ge√∂ffnet,Reviewed in Germany on 7 January 2020,"Packung war ge√∂ffnet und es fehlten 4 Kondome. Wirkt wenig vertrauensw√ºrdig. Zum Artikel selbst kann ich noch nichts sagen, werde ihn aus genannten Gr√ºnden hier aber wohl nicht mehr bestellen."
Brisler,5.0 out of 5 stars,Klasse schneller Versand,Reviewed in Germany on 10 September 2019,Super Preisleistung!
Hintermaier Thomas,1.0 out of 5 stars,Gerissen,Reviewed in Germany on 2 May 2020,Kondom gerissen und da bet√§ubt erst bemerkt als es zu sp√§t war.Wer Nachwuchs m√∂chte f√ºr den ist dies Ideal.
Marlon,1.0 out of 5 stars,Nutzlos,Reviewed in Germany on 1 March 2020,"Absolut nicht zu gebrauchen, lassen sich schwer abrollen und sind auch nach ner Minute so schlecht im sitz dass die einfach rutschen"
Amazon Kunde,1.0 out of 5 stars,Gerissen,Reviewed in Germany on 7 April 2021,2 St√ºck in einer Runde gerissen
Tobias Steverding,1.0 out of 5 stars,Nicht sicher,Reviewed in Germany on 22 June 2019,Ich habe nach dem ersten Kondom den rest der Packung weg geworfen. Das erste Kondom ist w√§hrend der Aktes Gerissen und nat√ºrlich erst danach bemerkt. Also wenn ihr ein Kind wollt ist das hier das beste Kondom.
Brobee,1.0 out of 5 stars,Verpackung war ge√∂ffnet,Reviewed in Germany on 27 April 2021,Wurde sofort reklamiert
Recep Ivedik,1.0 out of 5 stars,Hat nicht geholfen,Reviewed in Germany on 3 March 2021,War nach 3 Minuten fertig
Max Eigner,1.0 out of 5 stars,Zu starkes Gel...,Reviewed in Germany on 14 October 2020,Viele zu starke Wirkung f√ºr mich. Man sp√ºrt nichts mehr.
Marvin,1.0 out of 5 stars,Schlechter als normale Kondome,Reviewed in Germany on 28 March 2021,normales Kondom
Caroline Hammer,1.0 out of 5 stars,Katastrophe!!!,Reviewed in Germany on 20 November 2019,"Eine Katastrophe! Die ganzen Kondome waren lose im Karton, die Kondomverpackung total kaputt!Nie wieder!!!!!!"
Niklas B.,1.0 out of 5 stars,Klumpen im Kondom,Reviewed in Germany on 28 January 2020,"Kondome enthielten getrocknetes Geel, in jedem Kondom waren Klumpen. Einfach eine Frechheit."
wahbi majdoub,1.0 out of 5 stars,sehr d√ºnn,Reviewed in Germany on 11 November 2020,sehr d√ºnn geht schnell kaputt
Muhammed Sabreen,1.0 out of 5 stars,Besser erwartet,Reviewed in Germany on 10 July 2020,Risst schnell auf / stinkt komisch und ziemlich klein
burhan,1.0 out of 5 stars,Not satisfied üòï,Reviewed in Germany on 13 November 2020,"It,s getting damaged quickly"
Harryb,1.0 out of 5 stars,Finger weg,Reviewed in Germany on 25 July 2020,Hat nichts gebracht schade f√ºr das Geld.
Amazon-Kunde,1.0 out of 5 stars,Schon ge√∂ffnet,Reviewed in Germany on 10 November 2020,War schon ge√∂ffnet
Ed Kass,1.0 out of 5 stars,Damaged,Reviewed in Germany on 10 July 2020,I received an opened box
Rudolf das Rentier,1.0 out of 5 stars,Gute Qualit√§t,Reviewed in Germany on 26 December 2019,"Der beworbene ""Effekt"" trat nicht ein, ansonsten gutes Produkt."
Daniel ,1.0 out of 5 stars,Naja,Reviewed in Germany on 22 May 2020,Hat bei mir nichts gebracht.
Si,1.0 out of 5 stars,Kondome,Reviewed in Germany on 2 August 2019,Schrott das gel war mittlerweile ausgetroknet.. lieber sein lassen
Guler Tatli,1.0 out of 5 stars,0,Reviewed in Germany on 5 December 2019,Nicht wie vorgeschrieben
Maximilian Verstappen,5.0 out of 5 stars,Wahnsinn!,Reviewed in Germany on 18 August 2022,"Also, ich k√∂nnte nicht begeisterter sein. Die Dinger funktionieren wirklich hervorragend. Wo man sonst eine viertel oder halbe Stunde bummst, ist hiermit mal locker ne Stunde drin. Dabei hat man aber keinen tauben Pimmel, sondern merkt alles. Geht blo√ü l√§nger."
m.sczepanski,4.0 out of 5 stars,Qualit√§tsprodukt mit einer kleine Einschr√§nkung,Reviewed in Germany on 4 September 2019,"Ich pers√∂nlich benutze bevorzugt Kondome des Herstellers Durex. Nicht nur, weil ich bis jetzt wirklich immer mit der Qualit√§t zufrieden war, sondern weil Durex auch ein breitgef√§chertes Sortiment von verschiedenen Kondomen bietet. Und die Durex Performa Kondome sind ein weiteres Produkt aus der Reihe der Kondome des Herstellers.Die Kondome selbst kommen in einer √ºblichen Verpackung, die (wenn man den Hersteller besser kennt) man von Durex gewohnt ist. Jedes der Kondome ist einzeln verpackt und die Packung liefert 14 St√ºck der Performa Kondome.Wenn man sich die Aufdrucke auf der Verpackung durchlie√üt, steht dort u.A. dass die Kondome ein benzocainhaltiges Gel enthalten. Allerdings war ich tats√§chlich etwas irritiert, als ich das erste Kondom aus der versiegelten Verpackung entnommen habe. Denn unter Gel verstehe ich nicht einen wei√üen, doch geh√§rteten ""Klumpen"". In dem Reservoir an der Spitze des Kondoms befindet sich das geh√§rtete Gel. Somit muss man beim ""Anlegen"" des Kondoms nicht nur darauf achten, dass es fest und sicher sitzt, sondern man muss auch darauf achten, dass dieses geh√§rtete Gel nicht verloren geht und aus dem Reservoir an der Spitze des Kondomes f√§llt, noch bevor man es verwendet. Nat√ºrlich verfl√ºssigt sich dieses geh√§rtete Gel bei Verwendung durch die K√∂rperw√§rme und l√∂st sich somit auch w√§hrend dem Akt auf. Sp√§testens dann verteilt sich auch das benzocainhaltige Gel innerhalb der Spitze des Kondomes und kann auch somit seine Wirkung zeigen.Der Hersteller gibt an, dass durch dieses benzocainhaltige Gel der H√∂hepunkt heraus gez√∂gert wird und die Erregungsphase l√§nger andauert. Wir haben jetzt zwar nicht mit einer Stoppuhr die Zeit gemessen aber der Aussage des Herstellers kann ich nur bedingt zustimmen. Ja, ich muss zugeben dass es l√§nger dauert, aber man kann hier sicherlich nicht von einer extrem langen Verz√∂gerung reden. Ich konnte zwar durchaus eine Verbesserung feststellen und auch meine Frau findet, dass es insgesamt l√§nger gedauert hat. Aber wir beide sind der Ansicht, dass wir hier von einem Minutenbereich und nicht Stundenbereich reden. Sprich: Das benzocainhaltige Gel sorg f√ºr eine sp√ºrbare Verz√∂gerung um einige Minuten. Die Wirkung dauert aber sicherlich nicht stundenlang an.Ansonsten bieten diese Kondome die von mir gewohnte Durex-Qualit√§t mit einer guten Passform, einem angenehmen Tragekomfort und der Sicherheit was die Rei√üfestigkeit angeht. Und auch bei mehrfacher Verwendung dieser Kondome kann ich sagen, dass ich keinerlei an negativen Auswirkungen des benzocainhaltigen Gels auf meinen Intimbereich hatte. Keinerlei Reizungen, R√∂tungen, Ausschl√§ge oder sonst etwas in dieser Richtung. Nat√ºrlich kann ich hier nur von mir selbst ausgehen. Wer also bereits in der Vergangenheit eine Unvertr√§glichkeit mit benzocainhaltigen Gels festgestellt hat, sollte lieber die Finger von diesem Produkt lassen.Alles in allem bin ich doch ganz zufrieden mit diesem Produkt. Klar schl√§gt sich die Verwendung des Gels innerhalb der Kondome auch im Preis nieder, aber auch hier bin ich im groben und ganzen mit dem Preis-Leistungs-Verh√§ltnis zufrieden. Ich ziehe hier lediglich einen Stern in der Gesamtwertung ab, da ich schon etwas von der Darreichungsform des geh√§rteten Gels im Reservoir des Kondoms entt√§uscht bin. Ich h√§tte mir nicht vorgestellt, dass es so aussieht."
talia97,4.0 out of 5 stars,Qualitatives Kondom mit chemischem Zusatz,Reviewed in Germany on 3 August 2019,"Durex ist eine Marke f√ºr qualitativ hochwertige Kondome. Sie sind zwar etwas teurer, aber Qualit√§t hat seinen Preis. Safety first!Das Kondom ist wie gewohnt verwendbar und der Zusatz Benzocain gut vertr√§glich, sofern man sich am Taubheitsgef√ºhl nicht st√∂rt. Weder riss das Kondom noch gab es andere Kritikpunkte bei der Anwendung.Ein Wort noch zu Benzocain:Es wundert mich doch sehr, dass so ein renommierter Hersteller die Durex nicht auf Nebenwirkungen dieser Substanz hinweist oder hinweisen muss. Benzocain steht in Verdacht, bei √ºberm√§√üigem Gebrauch eine seltene Blutkrankheit, Meth√§moglobin√§mie, hervorzurufen. Die Symptome einer Meth√§moglobin√§mie sind Atemnot, M√ºdigkeit, Verwirrtheit, Kopfschmerzen und Herzrasen. Laut Studien k√∂nnen sie innerhalb von Minuten bis zu zwei Stunden nach der Anwendung von Benzocain auftreten. Eine Meth√§moglobin√§mie kann sich sowohl nach der ersten als auch nach wiederholter Anwendung entsprechender Pr√§parate entwickeln.Das Kondom allein wird sicher nicht dazu f√ºhren, man sollte jedoch wissen, dass Benzocain in Mundwassern, Halstabletten usw. enthalten ist und in Summe eine h√∂here Dosierung im K√∂rper zustande kommen kann.Fazit:Ob man(n) ein chemisches Hilfsmittel zur Verl√§ngerung des Aktes oder lieber auf Durchhalteverm√∂gen und Phantasie setzt, muss jeder selbst entscheiden. *NW*"
Verena95,4.0 out of 5 stars,Gute Qualit√§t,Reviewed in Germany on 29 April 2019,"Beim Bewerten von den verschiedenen Sport-Produkten hilft mir mein Sohn, der gerade seinen Bachelor in Sport gemacht hat und schon sein Auslands-Semester beendet hat.Damit ist er der perfekte Tester und hat deutlich mehr Ahnung von der Materie als ich. Besonders bei dieser MaterieüòÅHier ist seine Meinung zu diesem Produkt -Auf den ersten Eindruck wirken die Kondome wie alle anderen Kondome von Durex. Der Unterschied ist nat√ºrlich das benzocainhaltige Gel in der Kondomspitze.Ob der Geruch angenehm ist, dass mag sicherlich subjektiv entschieden werden. Ich pers√∂nlich empfinde ihn als nicht angenehm, aber auch nicht als st√∂rend. √ñffnen und √úberstreifen der Kondome ist leicht und schnell erledigt. Die bet√§ubende Wirkung tritt tats√§chlich st√§rker als angenommen ein (habe irgendwie vorher damit gerechnet, dass die Wirkung sehr schwach ist). Allerdings tritt die Wirkung etwas verz√∂gert nach einigen Minuten ein.Ich muss sagen, dass die Kondome das Einhalten, was sie versprechen. Auch zum Aspekt Sicherheit kann ich nur positiv berichten, da keines der Kondome gerissen ist.Allerdings muss ich auch sagen, dass mir pers√∂nlich der Gebrauch dieser Kondome kein Vergn√ºgen bereitet. Das Gef√ºhl ist doch sehr eingeschr√§nkt und dar√ºber hinaus kam es durch das taube Gef√ºhl immer wieder vor, dass der Penis schlaffer wurde. Durch dieses taube Gef√ºhl wird der H√∂hepunkt tats√§chlich verz√∂gert. Wer das m√∂chte, dem kann ich diese Kondome wirklich empfehlen. Auch das Preis-Leistungs-Verh√§ltnis ist, wie immer bei Durex, gut.Ich finde, dass die gesteigerte Ausdauer etwas auf Kosten des Spa√ües und des Vergn√ºgens erzielt wird. Ich denke aber auch, dass das sicherlich subjektiv ist."
Pandap√§rchen,4.0 out of 5 stars,Gewohnte Durex Qualit√§t,Reviewed in Germany on 16 August 2019,"Die Kondome sind geruchsneutral und die Substanz in der Spitze merkt Mann nicht. Die Verz√∂gerung des H√∂hepunktes funktioniert. Es f√ºhlt sich jedoch so an, als w√§re die Spitze des Penis/ die Eichel bet√§ubt und Mann denkt, dass da ein besonders dickes Kondom drauf gezogen ist. Dies tut dem Spa√ü zwar insgesamt keinen Abbruch, sollte aber zum Beispiel bei der oralen Stimulation bedacht werden.Gerissen ist kein einziges und somit ist die Hauptaufgabe des Kondoms erf√ºllt.Eine allergische Reaktion oder Nebenwirkungen wurden beidseits nicht festgestellt.Eine geronnene Substanz konnte in der gesamten Packung nicht wahr genommen werden.Insgesamt ist es also ein Kondom mit gewohnter, guter Durex Qualit√§t. 4Sterne also, den einen Abzug daf√ºr, dass es sich anders, beziehungsweise wie bet√§ubt anf√ºhlt."
Isabella,4.0 out of 5 stars,"Qualit√§t gut, Effekt naja...",Reviewed in Germany on 19 August 2019,"In schicker, gl√§nzender Verpackung kommen die 14 Kondome daher. K√∂nnte f√ºr den ein oder anderen kitschig wirken, f√§llt aber gut auf - haben sich vielleicht die Marketingexperten gedacht.Aber auffallen ist ja nicht alles. Beworben werden sie mit dem sch√∂nen Effekt ‚Äûaktverl√§ngernd‚Äú.Naja, pers√∂nlich geh√∂ren f√ºr mich noch weitere, √§u√üere Faktoren dazu und nicht nur ein Gel, das teilweise wild im Kondom herumschmiert und damit den Effekt verzerrt.F√ºr uns war der Effekt anfangs nicht bemerkbar; nach einigen Versuchen mit den Kondomen gab es ein v√∂lliges Taubheitsgef√ºhl, das zwar ‚Äûverl√§ngert‚Äú, aber dem Manne nicht unbedingt gef√§llt.Die Kondome sind aber - unabh√§ngig vom Effekt - rei√üfest und erf√ºllen ihren Zweck."
Latsch,4.0 out of 5 stars,Kondome f√ºr einen l√§ngeren Akt.,Reviewed in Germany on 15 August 2019,"Ich habe dieses Produkt zum testen bekommen, Ich finde sie super bequem zum abrollen und haben auch einen sicheren halt, (Habe nichts anderes von Durex erwartet) sie riechen nicht nach Latex sondern haben einen angenehmen Geruch.Einen Stern habe ich dennoch abgezogen bez√ºglich der Akt Verl√§ngerung, das Benzocain Gel wirkt und Mann kann l√§nger da die ""Spitze"" leicht taub wird, aber nicht so lange wie ich es mir gerne gew√ºnscht h√§tte gebe dennoch eine Produkt Empfehlung da Durex f√ºr mich die besten Kondome macht sie sitzen perfekt sie stinken nicht und es ist ein Easy way f√ºrs vergn√ºgen. ;)"
Jen,4.0 out of 5 stars,Alles in allem ganz gut,Reviewed in Germany on 18 August 2019,"Das Verpackungsdesign ist ansprechend und das Preis-Leistungs-Verh√§ltnis im Vergleich v√∂llig normal.Leider war auch bei uns die Substanz klebrig und fest.Durch Hautw√§rme wird sie aber weich und l√§sst sich verreiben. W√ºrde ich jedem empfehlen, der sich die Kondome aus dem speziellen Grund gekauft hat, sonst bringt der ganze Spa√ü gar nichts. Die ""Bet√§ubung"" funktioniert und der Akt ist somit auch verz√∂gert und dauert l√§nger.Zum Geruch kann ich nur sagen, dass mir nichts au√üergew√∂hnliches aufgefallen ist. Auch die Substanz riecht nicht."
Marc Mentzer,4.0 out of 5 stars,Das Liebesspiel wird verl√§ngert,Reviewed in Germany on 17 August 2019,"Das eigentliche Problem war mir bekannt und ich war auf der Suche nach einer L√∂sung. Das nun ein Kondom die L√∂sung sein sollte, konnte ich erst nicht glauben. Aber ich habe nun das Durex Performa ausprobiert. Es l√§sst sich im Prinzip wie jedes andere Kondom verwenden und es f√ºhlt sich auch so wie jedes andere an. Lediglich die gelartige Fl√ºssigkeit ist etwas gew√∂hnungsbed√ºrftig. Aber wenn es hilft. Und was soll ich sagen, es hilft tats√§chlich. Der Liebesakt wird sch√∂n verl√§ngert. Sch√∂n f√ºr alle."
Andr√©,3.0 out of 5 stars,Nur f√ºr echte Schnellsch√ºtzen,Reviewed in Germany on 6 March 2021,"Spa√ü verl√§ngern? Dann seid ihr hier falsch, dies ist nur ein Produkt um M√§nnern mit medizinischen Problemen zu helfen. Der einzuf√ºhrende Gegenstand wird derart bet√§ubt dass eigentlich gar nichts mehr gemerkt wird. Selbst mit abwaschen brauchte es danach noch 4 normale Gummis inkl abrutschen durch erschlaffen bis wir fertig waren. In Verbindung mit Viagra sicher toll, als Normalnutzer f√ºhlt man sich wie mit Potenzproblemen. Vielleicht ist einfach nur zu viel von dem Zeug drinne."
Ophelia Knies,4.0 out of 5 stars,Gut,Reviewed in Germany on 5 October 2019,"Die Kondome halten was sie versprechen, f√ºhlen sich ganz gut an und sind einfach in der Handhabung. Mein Partner und ich sind zufrieden."
Li-La-Launeb√§r,4.0 out of 5 stars,Bet√§ubt tats√§chlich,Reviewed in Germany on 13 April 2019,"Auch wenn es etwas ungew√∂hnlich ist und wir vorher etwas skeptisch w√§ren, haben sie doch ein gutes Gef√ºhl beim und nach dem Sex hinterlassen.Vorne ist an der Spitze etwas Gel eingearbeitet, das w√§re war erst wie ein harter Brocken aussah, aber dann doch weich und angenehm war.Das Gel bet√§ubt die Eichel tats√§chlich, aber erst nach etwa 10 Minuten. Ist also etwas f√ºr Leute die sich generell etwas mehr Zeit nehmen. F√ºr uns beide war das Gef√ºhl angenehm und Wirkung war da. Wir geben daher gerne 4 Sterne , 5 w√§ren es bei schnellerer Wirkung geworden."
De P√§lzer,4.0 out of 5 stars,Gutes Verh√ºtungsmittel,Reviewed in Germany on 28 April 2019,"Aber ob das benzocainhaltige Gel jetzt tats√§chlich daf√ºr sorgt, dass Mann l√§nger kann l√§sst sich nicht pauschal mit Ja oder Nein beantworten.Was beim einen funktioniert muss noch lange nicht bei jedem klappen.Jedenfalls riechen die Kondome nicht allzu unangenehm nach Gummi und die Verpackung l√§sst sich schnell und einfach √∂ffnen.Au√üerdem klingt Performa f√ºr mich nicht unbedingt nach Spa√ü an der Sache sondern eher nach Leistungsdruck. Penetration ist halt doch nicht alles ..."
Lutz Zander,4.0 out of 5 stars,Ok,Reviewed in Germany on 5 June 2019,"ist wie eine zweite Haut, sehr dehnbar ohne dass man das Gef√ºhl hat dass sie abrutschen, Ausdauer wird verl√§ngert.Der Geruch ist wie bei den anderen. Aber wichtig ist, das es h√§lt und das hat es."
Abhishek adhikari,2.0 out of 5 stars,Doesnt perform so well,Reviewed in Germany on 5 December 2021,This condom doesnt perform well.
Arvydas,5.0 out of 5 stars,Zuverl√§ssig,Reviewed in Germany on 21 November 2020,"Durex war lange Zeit die Marke meiner Wahl. Sie sind f√ºr mich nie kaputtgegangen und sie f√ºhlen sich so gut an, wie sie k√∂nnen, w√§hrend sie immer noch einen Candom tragen. Der einzige Nachteil ist, dass sie auf der teureren Seite stehen, selbst mit Rabatten."
Katharina,1.0 out of 5 stars,Warum steht das mit der Verl√§ngerung nicht in Gro√übuchstaben auf der Packung?,Reviewed in Germany on 18 April 2022,"Wisst ihr wie gef√§hrlich das ist? Mein Freund kann mit den Dingern stundenlang. Irgendwann werde ich trocken und dann rei√üen die Dinger. Vermutlich kommen daher die Kommentare mit den L√∂chern. Wer also nicht die ganze Nacht genagelt werden will, kauft andere Kondome"
OkCiaoNiau,3.0 out of 5 stars,Eine Frage der Gesundheit?,Reviewed in Germany on 17 March 2019,"wie ist es immer so sch√∂n: ""Alles in Ma√üen"". Der Wirkstoff ""Benzocain"" unterbricht die Schmerzweiterleitung, wird oft in Halstabletten zur lokalen Bet√§ubung der Schleimh√§ute benutzt. Es kommt immer darauf an, wie hoch die Dosierung ist. Ein Gel mit 5% ist nicht sonderlich viel, die Eichel des Mannes aber bekanntlich sehr empfindlich. Ich h√§tte es nicht gedacht, aber es ""hilft"" tats√§chlich, z√∂gert also den Orgasmus des Mannes hinaus, ohne dass die Stehkraft dabei Schaden nimmt. Oft w√ºrde ich das sicher aber trotzdem nicht machen, die Langzeitfolgen kann ich nicht einsch√§tzen. Der Wirkstoff steht auf der gelben Liste, dort wird alles n√§her erkl√§rt. Ansonsten sind die Kondome von DUREX von gewohn guter Qualit√§t, preislich auch im normalen Rahmen. Empfehlen kann ich es sicher den M√§nnern, die oft zu schnell zum H√∂hepunkt kommen, dies aber nicht wollen. Aber: Will es denn die Frau? ;-)"
Diana Evangeline Liedtke,5.0 out of 5 stars,H√§lt was es verspricht,Reviewed in Germany on 19 August 2019,"Wir haben uns entschlossen einmal diese Kondome zu testen, da wir neugierig waren ob es wirklich funktioniert, dass Mann damit l√§nger kann.Vorab: Ja (zumindest meiner).Die Kondome sind gut verpackt und kamen gewohnt schnell an. Die Passform bei meinem Mann ist gut und er hat nichts zu meckern.Von meiner Seite aus muss ich sagen sind sie relativ Gef√ºhlsecht (f√ºr Kondome).Machen was sie sollen. Qualitativ gut.. nichts abgerutscht oder gerissen.Nun zur Hauptfunktion dieser speziellen Sorte:Es funktionier und mein Mann kann damit ca. 5-10 Minuten l√§nger durchhalten. Was wir sehr positiv finden.Hier muss man aber sagen dass dieses nur unser Ergebnis war. Bei anderen kann es nat√ºrlich anders sein. Wir sind jedenfalls zufrieden und k√∂nnen sie weiterempfehlen :)"
sam,5.0 out of 5 stars,"perfect ONLY if you are struggling with timing, otherwise it‚Äôs just a normal condom",Reviewed in Germany on 20 April 2020,"everything is perfect. even the numbness due to special liquid on it doesn‚Äôt affect the pleasure, however for a normal person it won‚Äôt extend your timings. so if you are struggling with ejaculation delay, then this is the best thing ever, but if you are not already struggling, then it‚Äôs just a normal condome for you."
Bo,3.0 out of 5 stars,Nicht √ºberzeugend,Reviewed in Germany on 17 September 2019,"Also so wirklich begeistern kann ich mich daf√ºr nicht. Insgesamt ist die Wirkung zu stark. Klar, wenn man nix mehr merkt vorne, kann man auch l√§nger... aber wenn man denn gar √ºberhaupt nix mehr sp√ºrt, hat das Ganze doch irgendwie seinen Sinn verfehlt...Also f√ºr mich nix, zu viel Gel... vielleicht etwas weniger...?"
Jason ,1.0 out of 5 stars,Bin jetzt Vater,Reviewed in Germany on 29 March 2022,Hat nicht funktioniert
HonestOpinionsI0I,2.0 out of 5 stars,"Keine Kaufempfehlung, brennen auf der Haut",Reviewed in Germany on 23 August 2019,"- Lieferung + Verpackung (0,5/0,5 Sterne)Das Produkt kommt diskret verpackt in einem standard Amazonkarton an. Wer sich also hier Sorgen macht, den kann ich beruhigen.- Qualtit√§t (1,5/3 Sterne)Wie von Durex erwartet gibt es Qualitativ am eigentlichen Produkt nichts auszusetzen. Kein Rei√üen, wenig bis garkein verrutschen. Das beworbene ""Extra"" des Gels hat allerdings keinen Unterschied gemacht, demnach der Abzug da es in diesem Punkt im Prinzip ganz normale Kondome sind.- Benutzerfreundlichkeit (0,5/1 Sterne)Die einzelnen Packungen lassen sich leicht aufrei√üen und abrollen, daf√ºr gibt es den halben Stern. Abzug gibt es f√ºr das oben beschriebene Gel welches nicht nur nicht wirkt sondern einige Minuten danach leicht brennt auf der Haut.- Preis / Leistung (0/0,5 Sterne)F√ºr im Prinzip ganz normale Kondome definitiv zu teuer.- Fazit (2,5/5 Sterne)Da ich von dieser Marke eigentlich mehr erwarte runde ich aufgrund des Gesamteindrucks auf 2 Sterne ab. Als Kondome gut geeignet aber dann doch lieber auf andere Varianten zur√ºckgreifen die das gleiche tun, g√ºnstiger sind und nicht brennen!"
Kerstin M.,5.0 out of 5 stars,FLR,Reviewed in Germany on 29 October 2019,Perfekt f√ºr FLR. Sein Gro√üer kann den Orgasmus l√§nger zur√ºckhalten und Frau ist gl√ºcklich;) Herrlich d√ºnn und tolle Passform. Einfach genial!
Sunflower,5.0 out of 5 stars,Tolle Qualit√§t,Reviewed in Germany on 22 March 2019,"Durex ist so gut wie Jedem ein Begriff. So oft ich schon diverse Kondome getestet habe, bin ich immer wieder bei Durex gelandet, weil mich die Qualit√§t einfach √ºberzeugt hat.Bei diesem Produkt handelt es sich um die Reihe ‚ÄûPerforma‚Äú. In der Spitze sind diese mit einer stimulierenden Substanz versehen, so dass der Penis leicht bet√§ubt wird und l√§nger durchh√§lt. Ob dem schlussendlich so ist, l√§sst sich nicht so einfach sagen, da die Dauer auch so immer stark variiert.Die Qualit√§t ist, wie von Durex gewohnt, sehr hoch. Sowohl was die Materialqualit√§t angeht, als auch die praktische Umsetzung.Positiv aufgefallen ist mir hier die besonders schick und edel designte Verpackung.Fazit:Durex kann mich abermals √ºberzeugen, das liegt in erster Linie an der tollen Qualit√§t und einem sch√∂nen S*x-Erlebnis. Ob die besondere Bet√§ubung funktioniert...ich kann es nicht wirklich sagen. Trotzdem wiedereinmal ein gutes Produkt und daher eine Empfehlung."
P.B.,5.0 out of 5 stars,Tolle Gummis,Reviewed in Germany on 15 May 2019,"Die Gummis sind wie bei Durex √ºblich von guter Qualit√§t. Sie sind recht d√ºnnwandig, sodass das Gef√ºhl gut erhalten bleibt. Die spezielle Beschichtung hilft tats√§chlich, dass man(n) l√§nger kann, da eine ganz leichte Bet√§ubung den H√∂hepunkt verschiebt.Alle Gummis sind selbstverst√§ndlich einzeln und luftdicht angepackt.Insgesamt sichere Gummis mit nettem Gimmick."
Cubbie,5.0 out of 5 stars,Bew√§hrt und gut,Reviewed in Germany on 18 March 2019,"Durex Kondome sind ein bew√§hrtes und nicht ganz preiswertes Produkt, hier in einer ungewohnten Packungsgr√∂√üe von 14 St√ºck (sonst doch eher 10 bzw im Dutzend erh√§ltlich.) Zur Anwendung und Qualit√§t nichts Negatives zu berichten, aber wie fast bei allen Kondomen aller Hersteller immer wieder mein Aufruf: Druckt bitte auf der Kondomumverpackung drauf, welche ""Sorte"" das ist. Performa Kondome sind mit einem leichten Bet√§ubungsmittel versehen, ob es wirklich wie beworben eine Verl√§ngerung des Aktes erm√∂glicht ist wohl auch zum Teil ""Glaubenssache"", aber grunds√§tzlich sind diese Kondome sehr empfehlenswert."
P. Losbichler,5.0 out of 5 stars,Prima,Reviewed in Germany on 1 October 2019,Wir sind mit der Qualit√§t und Handhabung der Kondome sehr zufrieden.
Primegirl90,5.0 out of 5 stars,Spa√ü f√ºr Sie und Ihn!,Reviewed in Germany on 5 May 2019,"Kein penetranter Geruch, eine stabile Verarbeitung und ein sehr nahes Echtheitsgef√ºhl.Zu Empfehlen!"
KundeL,1.0 out of 5 stars,Material trocken,Reviewed in Germany on 29 November 2021,Unbrauchbar‚Ä¶
Christian M√∂bius,1.0 out of 5 stars,An√§sthesie der Extraklasse,Reviewed in Germany on 17 April 2021,"L√§ngeres Durchhalteverm√∂gen... das ich nicht lache... F√ºr Bet√§ubung vor der Amputation gut geeignet, f√ºr alles andere unbrauchbar... Von 100 auf 0 in unter 5 Sekunden, das ist Bestleistung. Wer also darauf steht nach der Benutzung 30 Minuten daran zu zweifeln ob Mann einen Penis besitzt ist damit gut aufgestellt.Ansonsten: Verpackung vielversprechend und sch√∂n gestaltet, Lob an den Designer..."
Hendrik T√ºrke,1.0 out of 5 stars,nicht besonders robust,Reviewed in Germany on 15 April 2020,wenn sie halten dann wirkt das mittel was sich in dem kondom befindet sehr gut nur leider kommt wohl das latex auf lange zeit nicht gut damit klar und deswegen gingen bei mir schon ein paar kaputt .... und werde sie nicht ein 2. mal kaufen
nyze91,5.0 out of 5 stars,Super guter Effekt,Reviewed in Germany on 23 February 2022,"Durch Zufall sind wir auf diese Kondome aufmerksam geworden und wollten es unbedingt mal selber probieren. Da wir allgemein sehr zufrieden mit der Marke Durex sind und die Bewertungen durchweg positiv waren, wurde direkt alles bestellt.Zur Qualit√§t:Das Kondom an sich sich ist wie immer top. Durch den 5%igen Anteil an benzocain, die wie eine Art Gelst√ºckchen im Kondom enthalten sind, wird das Glied relativ schnell ""bet√§ubt"". Und das funktioniert sehr sehr gut und h√§lt lange genug an, um Spa√ü zu haben bzw. zu verl√§ngern. Wie einige schon erw√§hnt haben, muss man beim Ansetzen nur aufpassen, dass diese St√ºckchen nicht vorab herausfallen. Ansonsten verteilt sich alles quasi wie von selbst.Fazit:Man glaubt es kaum, aber die Kondome halten, was sie versprechen. Es ist den Aufpreis definitiv wert. Wer Kondome und gleichzeitig eine bet√§ubende Wirkung braucht, ist hier bestens bedient. Absolut empfehlenswert!"
Kd,5.0 out of 5 stars,Nicht f√ºr Leute ohne Kondition,Reviewed in Germany on 23 May 2022,"Man mag es kaum glauben aber sie funktionieren. Allerdings nicht zu empfehlen wenn man wenig Kondition hat, da es sich wirklich massiv verl√§ngert"
Oliver Herrmann,5.0 out of 5 stars,Bin voll zufrieden,Reviewed in Germany on 10 April 2022,"Super Produkt, super Preis, super schnelle Lieferung.. alles Top, empfehlenswert!"
TreffNix,5.0 out of 5 stars,H√§lt was es verspricht,Reviewed in Germany on 3 January 2022,"So wie es sein soll, erf√ºllt seinen Zweck"
Mohammad bayat,5.0 out of 5 stars,Passt,Reviewed in Germany on 24 April 2022,Perfekt
Daniel,5.0 out of 5 stars,L√§uft,Reviewed in Germany on 2 July 2022,Passt :)
Gorski,5.0 out of 5 stars,Super,Reviewed in Germany on 24 March 2022,Super
katja,5.0 out of 5 stars,Super Ding,Reviewed in Germany on 24 April 2022,Klasse die Dinger Immer wieder gerne
Wolfgang Z.,5.0 out of 5 stars,H√§lt was es verspricht,Reviewed in Germany on 30 April 2022,"Praktisch, gut und man h√§lt l√§nger durch beim Sex."
Sabine Hansen,5.0 out of 5 stars,Gut,Reviewed in Germany on 7 December 2021,Gute Qualit√§t
Laui,5.0 out of 5 stars,Einwandfrei,Reviewed in Germany on 11 March 2022,Es gibt nichts besseres.
Patrick,5.0 out of 5 stars,Top,Reviewed in Germany on 4 April 2021,Was soll Mann sagen üòâ
Wutzeli,5.0 out of 5 stars,Auf Produktbilder verzichten wir mal lieber ;-),Reviewed in Germany on 19 February 2020,"Ich finde Durexkondome generell gut. Diese helfen tas√§chlich, den Akt zu verl√§ngern. Der Herr empfindet die bet√§ubende Wirkung zuweilen als seltsam bzw. kann es vorkommen, dass er kommen m√∂chte, es mit H√ºtchen aber nicht klappt, so dass er es f√ºr die ""letzte Phase"" lieber auszieht."
Holger,5.0 out of 5 stars,Super,Reviewed in Germany on 12 September 2022,Super
Katerina Zagala,5.0 out of 5 stars,top,Reviewed in Germany on 2 June 2021,Artikel wie beschrieben
Marvin Bohnensack,1.0 out of 5 stars,Schlecht ist,Reviewed in Germany on 5 August 2020,Mein teil wird bei Ber√ºhrung schlaff wie eine nudel
Cabosikl,5.0 out of 5 stars,Top,Reviewed in Germany on 20 January 2021,Ich mag dieses Produkt. Nicht zu kurz wie manche andere Produkte. Der rest gibts sich von selbst. Spa√ü Faktor Nr 1
HolgerZ,5.0 out of 5 stars,nicht funktionieren,Reviewed in Germany on 22 November 2019,"ich war entt√§uscht, eigentlich nicht arbeiten"
klaus koch,5.0 out of 5 stars,Top,Reviewed in Germany on 27 January 2022,Top
RE,1.0 out of 5 stars,Kein Unterschied merkbar,Reviewed in Germany on 2 August 2020,Keinen Effekt.
F. K.,5.0 out of 5 stars,Super,Reviewed in Germany on 2 December 2022,Jetzt kann der Spa√ü weiter gehen. Und das Gel bet√§ubt echt gut.Kann ich nur empfehlen.
F.B.,5.0 out of 5 stars,Top.,Reviewed in Germany on 27 April 2021,Top.
Amazon Kunde,5.0 out of 5 stars,Ausprobieren! War sehr √ºberrascht!,Reviewed in Germany on 24 June 2022,Kann ich nur empfehlen! Leider etwas zu teuer
Chingy,5.0 out of 5 stars,Top,Reviewed in Germany on 14 February 2021,Top
GeekyGirl,1.0 out of 5 stars,Schlechte Qualit√§t,Reviewed in Germany on 14 July 2021,"Sie kamen sp√§t an. Die Qualit√§t ist extrem schlecht. 2 von 3 Kondomen sind w√§hrend des Gebrauchs kaputt gegangen. Ich bin sehr ungl√ºcklich, dass ich sie nicht zur√ºckgeben kann und ich sie nicht verwenden kann, da sie nicht sicher sind."
Martin Stanjo,5.0 out of 5 stars,Sehr gute Kondome,Reviewed in Germany on 11 March 2021,"Sehr zu empfehlen!!! Die Dicke der Condome ist super d√ºnn, so das man das volle Erlebnis hat."
Leonardo Kr√ºger,4.0 out of 5 stars,Product was good .,Reviewed in Germany on 11 October 2020,packaging was pretty good
sent√ºrk,5.0 out of 5 stars,Kondome,Reviewed in Germany on 29 October 2019,Passt hervorragend echt toll h√§lt was es verspricht.
Bukurije,5.0 out of 5 stars,Sehr gef√ºhlsecht,Reviewed in Germany on 8 December 2022,Super gef√ºhlsechtes und feuchtes Kondom sehr zu empfehlen.
andy,5.0 out of 5 stars,Top,Reviewed in Germany on 28 January 2022,Top
Lena,2.0 out of 5 stars,M√ºll,Reviewed in Germany on 6 February 2021,Bringt garnix. Man sp√ºrt garnix beim sex.
Phillipp Piel,5.0 out of 5 stars,Top,Reviewed in Germany on 2 July 2022,Sind echt gut.Durchhalteverm√∂gen+
Ove D.,5.0 out of 5 stars,Top ‚úÖ,Reviewed in Germany on 22 April 2021,Top ‚úÖ
Tom0466,5.0 out of 5 stars,Longlive,Reviewed in Germany on 14 March 2021,"Wer l√§nger was vom Liebesakt haben m√∂chte, der sollte diese Condome nehmen."
Philip R,5.0 out of 5 stars,Effekt bei mir genau richtig,Reviewed in Germany on 12 July 2021,"Funktioniert wie beschrieben und gleicht die Aufregung und m√∂gliche ""negative"" Folgen die damit einhergehen gut aus."
Christopher,5.0 out of 5 stars,Verz√∂gert tats√§chlich,Reviewed in Germany on 16 January 2023,Konnte meine Errektion um einige Minuten verz√∂gern
Average Consumer SH,5.0 out of 5 stars,Good Product,Reviewed in Germany on 23 January 2023,Still waiting to use it for a while now ! Brought it in excitement for 2023....dry spell continues.
Ossi,1.0 out of 5 stars,Schlechter Preis,Reviewed in Germany on 30 July 2020,Meiner Meinung nach zu teuer. Da gibt es deutlich bessere
Raouf E.,5.0 out of 5 stars,Top,Reviewed in Germany on 19 November 2019,Top
TypU53,5.0 out of 5 stars,Wahnsinn,Reviewed in Germany on 16 May 2021,"Hatte den Vorg√§nger und der war echt Mist gegen diese hier. Verdoppelt locker die Zeit des Vergn√ºgens. Klar, man(n) sp√ºrt weniger, aber das ist hier ja gewollt und bringt unterm Strich mehr Vergn√ºgen."
Franki,5.0 out of 5 stars,"Etwas teurer als normale, der Effekt ist es wert!",Reviewed in Germany on 17 June 2021,"Hallo, bei diesem Kondom ist wirklich eine Verz√∂gerung des H√∂hepunkt garantiert. Hatte diese schon mal probiert, und fand es echt toll das es kurz vor dem...... nochmal angenehm zur√ºck gehalten wird. Ich pers√∂nlich kann diese nur empfehlen. üëçüèº Sind zwar etwas teurer als normale, aber der Effekt ist es wert. üòâ"
DD,3.0 out of 5 stars,Gute Qualit√§t aber schlechtes Erlebnis,Reviewed in Germany on 4 January 2020,Nach dem ersten benutzen der Kondome hatte ich das Gef√ºhl ich h√§tte meinen penis in meiner Freundin vergessen da ich ihn an meinem K√∂rper nicht mehr gesp√ºrt habe.Das gel ist in meinen augen zu stark da man teils selbst nach langer Zeit nicht zum Abschluss kommt.Ich f√ºr meinen Teil werde diese Sorte nicht mehr verwenden aber muss dazu sagen das ich generell ein sehr zufriedener durex Kunde bin!
Nikolas,5.0 out of 5 stars,No kids! Product works!,Reviewed in Germany on 21 June 2021,I dont have kids yet.. thats why i am giving it 5 stars. I cant complain
Stephan K.,5.0 out of 5 stars,"Sollte verboten werden, meint meine Partnerin ;-)",Reviewed in Germany on 28 December 2021,"Man hat nach dem Anziehen, w√§hrend dem Akt, erst nach einer halben Stunde wieder Gef√ºhl in der Eichel und kann dementsprechend lange... ;-)"
Ganeman Sergej,5.0 out of 5 stars,Alles Tip Top,Reviewed in Germany on 14 January 2022,Gerne wieder
Steffen,5.0 out of 5 stars,Alles super,Reviewed in Germany on 15 October 2022,Alles super
Serg,5.0 out of 5 stars,Durex Performer,Reviewed in Germany on 14 October 2022,Artikel wie beschrieben Top. Blitz Versand. Dankesch√∂n.
MP,5.0 out of 5 stars,Ja es klappt,Reviewed in Germany on 16 February 2020,Halten was sie versprechen
Franz-Jupp,5.0 out of 5 stars,Durex Performa Kondome,Reviewed in Germany on 20 January 2023,Alles prima.
Wagner,5.0 out of 5 stars,Zu empfehlen,Reviewed in Germany on 28 May 2020,Ich bestell sie immer und bin sehr zufrieden
